es27e001,F
es27e002,F
es27e003,U
es27e004,F
es27e005,F
es27e006,CF
es27e007,F
es27e008,F
es27e009,U
es27e010,F
es27e011,F
es27e012,F
es27e013,CF
es27e014,U
es27e015,F
es27e016,U
es27e017,F
es27e018,F
es27e019,U
es27e020,U
es27e021,U
es27e022,F
es27e023,F
es27e024,F
es27e025,F
es27e026,F
es27e027,U
es27e028,U
es27e029,U
es27e030,F
es27e031,U
es27e032,F
es27e033,F
es27e034,F
es27e035,F
es27e036,F
es27e037,F
es27e038,U
es27e039,U
es27e040,F
es27e041,F
es27e042,F
es27e043,F
es27e044,F
es27e045,F
es27e046,F
es27e047,F
es27e048,F
es27e049,F
es27e050,F
es27e051,CF
es27e052,F
es27e053,F
es27e054,U
es27e055,F
es27e056,F
es27e057,F
es27e058,F
es27e059,F
es27e060,CF
es27e061,F
es27e062,F
es27e063,F
es27e064,F
es27e065,F
es27e066,U
es27e067,F
es27e068,F
es27e069,F
es27e070,F
es27e071,F
es27e072,F
es27e073,F
es27e074,F
es27e075,F
es27e076,U
es27e077,U
es27e078,U
es27e079,F
es27e080,F
es28e001,F
es28e002,F
es28e003,F
es28e004,F
es28e005,F
es28e006,CF
es28e007,F
es28e008,F
es28e009,F
es28e010,F
es28e011,F
es28e012,U
es28e013,F
es28e014,F
es28e015,F
es28e016,U
es28e017,F
es28e018,F
es28e019,F
es28e020,F
es28e021,F
es28e022,F
es28e023,F
es28e024,F
es28e025,U
es28e026,F
es28e027,F
es28e028,F
es28e029,U
es28e030,F
es28e031,F
es28e032,U
es28e033,F
es28e034,F
es28e035,F
es28e036,CF
es28e037,CF
es28e038,F
es28e039,F
es28e040,F
es28e041,F
es28e042,F
es28e043,CF
es28e044,F
es28e045,F
es28e046,U
es28e047,F
es28e048,CF
es28e049,F
es28e050,F
es28e051,F
es28e052,F
es28e053,F
es28e054,U
es28e055,U
es28e056,F
es28e057,U
es28e058,F
es28e059,F
es28e060,F
es28e061,F
es28e062,U
es28e063,U
es28e064,F
es28e065,F
es28e066,CF
es28e067,F
es28e068,CF
es28e069,U
es28e070,U
es28e071,F
es28e072,F
es28e073,F
es28e074,F
es28e075,CF
es28e076,F
es28e077,F
es28e078,F
es28e079,F
es28e080,F
es28e081,F
es28e082,F
es28e083,F
es28e084,F
es28e085,U
es28e086,F
es28e087,F
es28e088,F
es28e089,U
es28e090,F
es28e091,CF
es28e092,F
es28e093,F
es28e094,F
es28e095,F
es28e096,F
es28e097,F
es28e098,U
es28e099,F
es28e100,F
es28e101,CF
es28e102,F
es28e103,F
es28e104,U
es28e105,F
es28e106,U
es28e107,U
es28e108,F
es28e109,F
es28e110,U
es28e111,U
es28e112,U
es28e113,U
es28e114,F
es28e115,F
es28e116,F
es28e117,F
es28e118,F
es28e119,F
es28e120,F
es28e121,F
es28e122,F
es28e123,U
es28e124,F
es28e125,F
es28e126,F
es28e127,F
es28e128,F
es28e129,F
es28e130,F
es28e131,CF
es28e132,F
es28e133,U
es28e134,F
es28e135,F
es28e136,F
es28e137,F
es28e138,F
es28e139,CF
es28e140,F
es28e141,CF
es28e142,F
es28e143,F
es28e144,U
es28e145,CF
es28e146,F
es28e147,U
es28e148,F
es28e149,F
es28e150,F
es28e151,F
es28e152,U
es28e153,F
es28e154,F
es28e155,F
es28e156,F
es28e157,F
es28e158,CF
es28e159,F
es28e160,F
es28e161,F
es28e162,F
es28e163,F
es28e164,F
es28e165,CF
es28e166,F
es28e167,U
es28e168,F
es28e169,F
es28e170,F
es28e171,U
es28e172,F
es28e173,F
es28e174,F
es28e175,U
es28e176,F
es28e177,CF
es28e178,F
es28e179,U
es28e180,F
es28e181,CF
es28e182,F
es29e001,CF
es29e002,F
es29e003,F
es29e004,F
es29e005,U
es29e006,F
es29e007,U
es29e008,U
es29e009,U
es29e010,F
es29e011,F
es29e012,F
es29e013,F
es29e014,F
es29e015,F
es29e016,F
es29e017,F
es29e018,F
es29e019,F
es29e020,U
es29e021,F
es29e022,F
es29e023,F
es29e024,U
es29e025,F
es29e026,F
es29e027,CF
es29e028,F
es29e029,F
es29e030,CF
es29e031,F
es29e032,F
es29e033,F
es29e034,CF
es29e035,U
es29e036,CF
es29e037,F
es29e038,F
es29e039,F
es29e040,U
es29e041,CF
es29e042,U
es29e043,F
es29e044,U
es29e045,F
es29e046,F
es29e047,F
es29e048,F
es29e049,F
es29e050,F
es29e051,F
es29e052,U
es29e053,F
es29e054,F
es29e055,F
es29e056,F
es29e057,F
es29e058,F
es29e059,F
es29e060,CF
es29e061,F
es30e001,F
es30e002,F
es30e003,CF
es30e004,U
es30e005,F
es30e006,U
es30e007,F
es30e008,F
es30e009,F
es30e010,CF
es30e011,F
es30e012,CF
es30e013,F
es30e014,F
es30e015,F
es30e016,F
es30e017,F
es30e018,F
es30e019,F
es30e020,F
es30e021,U
es30e022,F
es30e023,CF
es30e024,F
es30e025,F
es30e026,F
es30e027,U
es30e028,CF
es30e029,U
es30e030,U
es30e031,F
es30e032,F
es30e033,F
es30e034,F
es30e035,F
es31e001,U
es31e002,U
es31e003,CF
es31e004,F
es31e005,F
es31e006,CF
es31e007,F
es31e008,F
es31e009,F
es31e010,CF
es31e011,U
es31e012,F
es31e013,U
es31e014,CF
es31e015,U
es31e016,F
es31e017,U
es31e018,F
es31e019,F
es31e020,CF
es31e021,F
es31e022,F
es31e023,F
es31e024,F
es31e025,F
es31e026,F
es31e027,U
es31e028,F
es31e029,U
es31e030,F
es31e031,F
es31e032,F
es31e033,U
es31e034,F
es31e035,F
es31e036,F
es31e037,CF
es31e038,F
es31e039,U
es31e040,U
es31e041,U
es31e042,F
es31e043,F
es31e044,F
es31e045,F
es31e046,F
es31e047,F
es31e048,F
es31e049,F
es31e050,F
es31e051,U
es31e052,F
es31e053,F
es31e054,F
es31e055,CF
es31e056,F
es31e057,F
es31e058,F
es31e059,F
es31e060,F
es31e061,F
es31e062,F
es31e063,F
es31e064,U
es31e065,F
es31e066,F
es31e067,CF
es31e068,U
es31e069,F
es31e070,U
es31e071,F
es31e072,CF
es31e073,F
es31e074,U
es31e075,U
es31e076,F
es31e077,F
es31e078,F
es31e079,F
es31e080,F
es31e081,F
es31e082,F
es31e083,F
es31e084,U
es31e085,F
es31e086,F
es31e087,F
es31e088,F
es31e089,F
es31e090,F
es31e091,F
es31e092,F
es31e093,U
es31e094,F
es31e095,CF
es31e096,U
es31e097,F
es31e098,F
es31e099,F
es31e100,F
es31e101,F
es31e102,F
es31e103,F
es31e104,F
es31e105,CF
es31e106,U
es31e107,F
es31e108,F
es31e109,U
es31e110,U
es31e111,F
es31e112,F
es31e113,F
es31e114,U
es31e115,U
es31e116,F
es31e117,F
es31e118,U
es31e119,F
es31e120,F
es31e121,F
es31e122,F
es31e123,CF
es31e124,U
es31e125,F
es31e126,U
es31e127,CF
es31e128,F
es31e129,F
es31e130,F
es31e131,F
es31e132,F
es31e133,F
es31e134,F
es31e135,F
es31e136,F
es31e137,U
es31e138,F
es31e139,F
es31e140,F
es31e141,F
es31e142,F
es31e143,F
es31e144,F
es31e145,F
es31e146,U
es31e147,F
es31e148,F
es31e149,F
es31e150,F
es31e151,F
es31e152,F
es31e153,F
es31e154,U
es31e155,F
es31e156,F
es31e157,F
es31e158,U
es31e159,F
es31e160,F
es31e161,U
es31e162,F
es31e163,F
es31e164,F
es31e165,F
es31e166,F
es31e167,F
es31e168,F
es31e169,CF
es31e170,F
es31e171,F
es31e172,F
es31e173,U
es31e174,F
es31e175,F
es31e176,F
es31e177,F
es31e178,F
es31e179,F
es31e180,F
es31e181,F
es31e182,F
es31e183,U
es31e184,F
es31e185,F
es32e001,U
es32e002,F
es32e003,F
es32e004,F
es32e005,U
es32e006,F
es32e007,F
es32e008,F
es32e009,F
es32e010,F
es32e011,CF
es32e012,U
es32e013,F
es32e014,F
es32e015,F
es32e016,F
es32e017,F
es32e018,U
es32e019,U
es32e020,F
es32e021,U
es32e022,F
es32e023,F
es32e024,F
es32e025,F
es32e026,F
es32e027,F
es32e028,CF
es32e029,F
es32e030,U
es32e031,CF
es32e032,F
es32e033,U
es32e034,F
es32e035,F
es32e036,F
es32e037,F
es32e038,U
es32e039,F
es32e040,F
es32e041,U
es32e042,F
es32e043,F
es32e044,F
es32e045,F
es32e046,F
es32e047,F
es32e048,F
es32e049,F
es32e050,CF
es32e051,F
es32e052,F
es32e053,F
es32e054,F
es32e055,F
es32e056,F
es32e057,F
es32e058,F
es32e059,F
es32e060,CF
es32e061,U
es32e062,F
es32e063,F
es32e064,F
es32e065,F
es32e066,F
es32e067,U
es32e068,F
es32e069,F
es32e070,F
es32e071,CF
es32e072,F
es32e073,F
es32e074,F
es32e075,F
es32e076,F
es32e077,F
es32e078,F
es32e079,F
es32e080,U
es32e081,F
es32e082,F
es32e083,U
es32e084,U
es32e085,F
es32e086,U
es32e087,CF
es32e088,U
es32e089,U
es32e090,F
es32e091,F
es32e092,F
es32e093,F
es32e094,F
es32e095,CF
es32e096,U
es32e097,U
es32e098,U
es32e099,F
es32e100,F
uy31e001,F
uy31e002,F
uy31e003,F
uy31e004,F
uy31e005,U
uy31e006,U
uy31e007,F
uy31e008,F
uy31e009,F
uy31e010,F
uy31e011,F
uy32e001,F
uy32e002,F
uy32e003,F
uy32e004,F
uy32e005,F
uy32e006,F
uy32e007,U
uy32e008,U
uy32e009,U
uy32e010,F
uy32e011,U
uy32e012,F
uy32e013,F
uy32e014,F
uy32e015,F
uy32e016,F
uy32e017,F
uy32e018,F
uy32e019,F
uy32e020,F
uy32e021,F
uy32e022,U
uy32e023,F
uy32e024,F
uy32e025,F
uy32e026,F
uy32e027,U
uy32e028,F
uy32e029,F
uy32e030,F
uy32e031,F
uy32e032,CF
uy32e033,F
uy32e034,F
uy32e035,F
uy32e036,U
uy32e037,F
uy32e038,U
uy32e039,CF
uy32e040,F
uy32e041,F
uy32e042,U
uy32e043,F
uy32e044,U
uy32e045,F
uy32e046,F
uy32e047,U
uy32e048,F
uy33e001,F
uy33e002,F
uy33e003,U
uy33e004,F
uy33e005,F
uy33e006,F
uy33e007,F
uy33e008,F
uy33e009,F
uy33e010,CF
uy33e011,F
uy33e012,U
uy33e013,F
uy33e014,U
uy33e015,F
uy33e016,F
uy33e017,F
uy33e018,F
uy33e019,CF
uy33e020,U
uy33e021,F
uy33e022,F
uy33e023,F
uy33e024,F
uy33e025,F
uy33e026,F
uy33e027,CF
uy33e028,U
uy33e029,F
uy33e030,F
uy33e031,F
uy33e032,F
uy33e033,F
uy33e034,U
uy33e035,F
uy33e036,F
uy33e037,F
uy33e038,CF
uy33e039,F
uy33e040,F
uy33e041,F
uy33e042,F
uy33e043,F
uy33e044,F
uy33e045,F
uy33e046,F
uy33e047,F
uy33e048,F
uy33e049,U
uy33e050,CF
uy33e051,F
uy33e052,U
uy33e053,F
uy33e054,F
uy33e055,F
uy33e056,U
uy33e057,U
uy33e058,U
uy33e059,F
uy33e060,F
uy33e061,F
uy33e062,F
uy33e063,F
uy33e064,F
uy33e065,U
uy33e066,F
uy33e067,F
uy33e068,F
uy33e069,F
uy33e070,F
uy33e071,F
uy33e072,U
uy33e073,F
uy33e074,F
uy33e075,U
uy33e076,F
uy33e077,F
uy33e078,U
uy33e079,F
uy33e080,F
uy33e081,F
uy33e082,U
uy33e083,F
uy33e084,F
uy33e085,F
uy33e086,F
uy33e087,U
uy33e088,F
uy33e089,F
uy33e090,F
uy33e091,F
uy33e092,U
uy33e093,F
uy33e094,F
uy33e095,F
uy33e096,CF
uy33e097,F
uy33e098,F
uy33e099,U
uy33e100,F
uy33e101,F
uy33e102,F
uy34e001,F
uy34e002,F
uy34e003,U
uy34e004,F
uy34e005,F
uy34e006,F
uy34e007,F
uy34e008,F
uy34e009,F
uy34e010,F
uy34e011,F
uy34e012,F
uy34e013,F
uy34e014,F
uy34e015,CF
uy34e016,F
uy34e017,U
uy34e018,F
uy34e019,CF
uy34e020,F
uy34e021,F
uy34e022,F
uy34e023,F
uy34e024,U
uy34e025,U
uy34e026,U
uy34e027,F
uy34e028,U
uy34e029,F
uy34e030,F
uy34e031,U
uy34e032,CF
uy34e033,U
uy34e034,U
uy34e035,F
uy34e036,F
uy34e037,F
uy34e038,F
uy34e039,F
uy34e040,F
uy34e041,F
uy34e042,F
uy34e043,F
uy34e044,F
uy34e045,F
uy34e046,F
uy34e047,F
uy34e048,F
uy34e049,F
uy34e050,F
uy35e001,F
uy35e002,F
uy35e003,F
uy35e004,F
uy35e005,F
uy35e006,F
uy35e007,U
uy35e008,CF
uy35e009,F
uy35e010,F
uy35e011,CF
uy35e012,F
uy35e013,F
uy35e014,F
uy35e015,F
uy35e016,F
uy35e017,F
uy35e018,F
uy35e019,CF
uy35e020,CF
uy35e021,F
uy35e022,F
uy35e023,F
uy35e024,F
uy35e025,F
uy35e026,F
uy35e027,U
uy35e028,F
uy35e029,U
uy35e030,F
uy35e031,F
uy35e032,F
uy35e033,CF
uy35e034,F
uy35e035,U
uy35e036,F
uy35e037,F
uy35e038,F
uy35e039,F
uy35e040,U
uy35e041,F
uy35e042,CF
uy35e043,F
uy35e044,F
uy35e045,F
uy36e001,F
uy36e002,F
uy36e003,F
uy36e004,F
uy36e005,CF
uy36e006,U
uy36e007,F
uy36e008,F
uy36e009,F
uy36e010,F
uy36e011,F
uy36e012,F
uy36e013,U
uy36e014,U
uy36e015,F
uy36e016,CF
uy36e017,U
uy36e018,F
uy36e019,F
uy36e020,F
uy36e021,F
uy36e022,F
uy36e023,F
uy36e024,F
uy36e025,F
uy36e026,F
uy36e027,U
uy36e028,U
uy36e029,F
uy36e030,F
uy36e031,F
uy36e032,F
uy36e033,F
uy36e034,F
uy36e035,F
uy36e036,F
uy36e037,F
uy36e038,F
uy36e039,U
uy36e040,F
uy36e041,F
uy36e042,U
uy36e043,U
uy36e044,F
uy36e045,F
uy36e046,F
uy36e047,U
uy36e048,U
uy36e049,F
uy36e050,F
uy36e051,CF
uy36e052,F
uy36e053,F
uy36e054,F
uy36e055,F
uy36e056,F
uy36e057,F
uy36e058,F
uy36e059,U
uy36e060,F
uy36e061,F
uy36e062,F
uy36e063,F
uy36e064,U
uy36e065,F
uy36e066,F
uy36e067,CF
uy36e068,F
uy36e069,F
uy36e070,U
uy36e071,F
uy36e072,F
uy36e073,U
uy36e074,F
uy36e075,U
uy36e076,F
uy36e077,F
uy36e078,F
uy36e079,F
uy36e080,U
uy37e001,CF
uy37e002,CF
uy37e003,F
uy37e004,U
uy37e005,U
uy37e006,F
uy37e007,F
uy37e008,F
uy37e009,F
uy37e010,U
uy37e011,F
uy37e012,CF
uy37e013,F
uy37e014,F
uy37e015,F
uy37e016,F
uy37e017,F
uy37e018,F
uy37e019,U
uy37e020,F
uy37e021,F
uy37e022,F
uy37e023,F
uy37e024,F
uy37e025,U
uy37e026,U
uy37e027,CF
uy37e028,F
uy37e029,F
uy37e030,U
uy37e031,F
uy37e032,F
uy37e033,F
uy37e034,CF
uy37e035,F
uy37e036,CF
uy37e037,F
uy37e038,U
uy37e039,CF
uy37e040,F
uy37e041,F
uy37e042,F
uy37e043,F
uy37e044,F
uy37e045,U
uy37e046,F
uy37e047,F
uy37e048,F
uy37e049,F
uy37e050,F
uy37e051,CF
uy37e052,F
uy37e053,F
uy37e054,F
uy37e055,F
uy37e056,F
uy38e001,F
uy38e002,CF
uy38e003,F
uy38e004,CF
uy38e005,F
uy38e006,F
uy38e007,F
uy38e008,F
uy38e009,F
uy38e010,U
uy38e011,CF
uy38e012,U
uy38e013,F
uy38e014,F
uy38e015,F
uy38e016,F
uy38e017,F
uy38e018,F
uy38e019,F
uy38e020,F
uy38e021,F
uy38e022,CF
uy38e023,F
uy38e024,F
uy38e025,F
uy38e026,F
uy38e027,F
uy38e028,F
uy38e029,F
uy38e030,U
uy38e031,F
uy38e032,U
uy38e033,F
uy38e034,F
uy38e035,F
uy38e036,F
uy38e037,U
uy38e038,F
uy38e039,F
uy38e040,F
uy38e041,F
uy38e042,F
uy38e043,CF
uy38e044,CF
uy38e045,CF
uy38e046,F
uy38e047,F
uy38e048,F
uy38e049,F
uy38e050,U
uy38e051,U
uy38e052,U
uy38e053,F
uy38e054,F
uy38e055,F
uy38e056,CF
uy38e057,F
uy38e058,F
uy38e059,F
uy38e060,F
uy38e061,F
uy38e062,F
uy38e063,CF
uy38e064,F
uy38e065,F
uy38e066,U
uy38e067,F
uy38e068,U
uy38e069,F
uy38e070,F
uy38e071,F
uy38e072,U
uy38e073,F
uy38e074,CF
uy38e075,F
uy38e076,F
uy38e077,F
uy38e078,F
uy38e079,U
uy38e080,CF
uy38e081,F
uy38e082,U
uy38e083,F
uy38e084,U
uy38e085,F
uy38e086,U
uy38e087,U
uy38e088,CF
uy38e089,F
uy38e090,CF
uy39e001,F
uy39e002,CF
uy39e003,U
uy39e004,CF
uy39e005,F
uy39e006,U
uy39e007,F
uy39e008,F
uy39e009,CF
uy39e010,U
uy39e011,U
uy39e012,F
uy39e013,F
uy39e014,U
uy39e015,F
uy39e016,F
uy39e017,F
uy39e018,F
uy39e019,F
uy39e020,U
uy39e021,F
uy39e022,F
uy39e023,F
uy39e024,F
uy39e025,U
uy39e026,F
uy39e027,F
uy39e028,CF
uy39e029,F
uy39e030,F
uy39e031,F
uy39e032,F
uy39e033,F
uy39e034,F
uy39e035,F
uy39e036,U
uy39e037,CF
uy39e038,F
uy39e039,U
uy39e040,F
uy39e041,F
uy39e042,F
uy39e043,F
uy39e044,CF
uy39e045,U
uy39e046,F
uy39e047,F
uy39e048,F
uy39e049,U
uy39e050,U
uy39e051,U
uy39e052,F
uy39e053,CF
uy39e054,U
uy39e055,F
uy39e056,CF
uy39e057,U
uy39e058,U
uy39e059,F
uy39e060,F
uy39e061,F
uy39e062,F
uy39e063,F
uy39e064,F
uy39e065,F
uy39e066,F
uy39e067,CF
uy39e068,F
uy39e069,F
uy39e070,F
uy39e071,F
uy39e072,F
uy39e073,U
uy39e074,CF
uy39e075,F
uy39e076,F
uy39e077,F
uy39e078,CF
uy39e079,U
uy39e080,F
uy39e081,F
uy39e082,F
uy39e083,CF
uy39e084,F
uy39e085,U
uy39e086,F
uy39e087,U
uy39e088,F
uy39e089,F
uy39e090,F
uy39e091,CF
uy39e092,F
uy39e093,F
uy39e094,F
uy39e095,CF
uy39e096,F
uy39e097,U
uy39e098,CF
uy39e099,U
uy39e100,F
uy39e101,CF
uy39e102,F
uy39e103,F
uy39e104,CF
uy39e105,F
uy39e106,F
uy39e107,F
uy39e108,F
uy39e109,F
uy39e110,F
uy39e111,CF
uy39e112,F
uy39e113,F
uy39e114,F
uy39e115,U
uy39e116,F
uy39e117,F
uy39e118,F
uy39e119,F
uy39e120,F
